model,case_type,y_true,abs_idx,test_pos,p,score,t,dist_to_t,cp_minus_medM,ar_minus_medM,cp_minus_medB,ar_minus_medB,f_radius_mean,f_texture_mean,f_perimeter_mean,f_area_mean,f_smoothness_mean,f_compactness_mean,f_concavity_mean,f_concave_points_mean,f_symmetry_mean,f_fractal_dimension_mean,f_radius_se,f_texture_se,f_perimeter_se,f_area_se,f_smoothness_se,f_compactness_se,f_concavity_se,f_concave_points_se,f_symmetry_se,f_fractal_dimension_se,f_radius_worst,f_texture_worst,f_perimeter_worst,f_area_worst,f_smoothness_worst,f_compactness_worst,f_concavity_worst,f_concave_points_worst,f_symmetry_worst,f_fractal_dimension_worst
ensemble,FN,1,136,25,0.0467305572670777,0.0467305572670777,0.33,0.283269442732922,-0.08939,-663.9,0.01467,106.9,12.77,22.47,81.72,506.3,0.09055,0.05761,0.04711,0.02704,0.1585,0.06065,0.2367,1.38,1.457,19.87,0.007499,0.01202,0.02332,0.00892,0.01647,0.002629,14.49,33.37,92.04,653.6,0.1419,0.1523,0.2177,0.09331,0.2829,0.08067
ensemble,FN,1,214,41,0.00585558845451002,0.00585558845451002,0.33,0.32414441154549,-0.0728,-296.5,0.03126,474.3,17.42,25.56,114.5,948,0.1006,0.1146,0.1682,0.06597,0.1308,0.05866,0.5296,1.667,3.767,58.53,0.03113,0.08555,0.1438,0.03927,0.02175,0.01256,18.07,28.07,120.4,1021,0.1243,0.1793,0.2803,0.1099,0.1603,0.06818
ensemble,FN,1,298,57,0.00392988614041467,0.00392988614041467,0.33,0.326070113859585,-0.1111,-763.9,-0.00704,6.89999999999998,11.76,18.14,75,431.1,0.09968,0.05914,0.02685,0.03515,0.1619,0.06287,0.645,2.105,4.138,49.11,0.005596,0.01005,0.01272,0.01432,0.01575,0.002758,13.36,23.39,85.1,553.6,0.1137,0.07974,0.0612,0.0716,0.1978,0.06915
ensemble,FP,0,82,13,0.800770451540163,0.800770451540163,0.33,0.470770451540163,-0.0119,-702.6,0.09216,68.1999999999999,13.34,15.86,86.49,520,0.1078,0.1535,0.1169,0.06987,0.1942,0.06902,0.286,1.016,1.535,12.96,0.006794,0.03575,0.0398,0.01383,0.02134,0.004603,15.53,23.19,96.66,614.9,0.1536,0.4791,0.4858,0.1708,0.3527,0.1016
ensemble,FP,0,158,28,0.593909005715393,0.593909005715393,0.33,0.263909005715393,-0.09834,-285.5,0.00572,485.3,16.84,19.46,108.4,880.2,0.07445,0.07223,0.0515,0.02771,0.1844,0.05268,0.4789,2.06,3.479,46.61,0.003443,0.02661,0.03056,0.0111,0.0152,0.001519,18.22,28.07,120.3,1032,0.08774,0.171,0.1882,0.08436,0.2527,0.05972
ensemble,FP,0,209,38,0.381363643183942,0.381363643183942,0.33,0.0513636431839417,-0.0701,-678.2,0.03396,92.5999999999999,13.11,22.54,87.02,529.4,0.1002,0.1483,0.08705,0.05102,0.185,0.0731,0.1931,0.9223,1.491,15.09,0.005251,0.03041,0.02526,0.008304,0.02514,0.004198,14.55,29.16,99.48,639.3,0.1349,0.4402,0.3162,0.1126,0.4128,0.1076
ensemble,FP,0,497,100,0.447899807654435,0.447899807654435,0.33,0.117899807654435,-0.042,-683.8,0.06206,87,12.65,18.17,82.69,485.6,0.1076,0.1334,0.08017,0.05074,0.1641,0.06854,0.2324,0.6332,1.696,18.4,0.005704,0.02502,0.02636,0.01032,0.01759,0.003563,14.38,22.15,95.29,633.7,0.1533,0.3842,0.3582,0.1407,0.323,0.1033
majority,FN,1,5,1,1e-15,0,0.5,0.499999999999999,-0.0202,257.5,0.08386,1028.3,20.29,14.34,135.1,1297,0.1003,0.1328,0.198,0.1043,0.1809,0.05883,0.7572,0.7813,5.438,94.44,0.01149,0.02461,0.05688,0.01885,0.01756,0.005115,22.54,16.67,152.2,1575,0.1374,0.205,0.4,0.1625,0.2364,0.07678
majority,FN,1,6,2,1e-15,0,0.5,0.499999999999999,-0.0086,-575.9,0.09546,194.9,12.45,15.7,82.57,477.1,0.1278,0.17,0.1578,0.08089,0.2087,0.07613,0.3345,0.8902,2.217,27.19,0.00751,0.03345,0.03672,0.01137,0.02165,0.005082,15.47,23.75,103.4,741.6,0.1791,0.5249,0.5355,0.1741,0.3985,0.1244
majority,FN,1,7,3,1e-15,0,0.5,0.499999999999999,0.0105,288.5,0.11456,1059.3,18.25,19.98,119.6,1040,0.09463,0.109,0.1127,0.074,0.1794,0.05742,0.4467,0.7732,3.18,53.91,0.004314,0.01382,0.02254,0.01039,0.01369,0.002179,22.88,27.66,153.2,1606,0.1442,0.2576,0.3784,0.1932,0.3063,0.08368
majority,FN,1,11,4,1e-15,0,0.5,0.499999999999999,-0.08295,-167.5,0.02111,603.3,16.02,23.24,102.7,797.8,0.08206,0.06669,0.03299,0.03323,0.1528,0.05697,0.3795,1.187,2.466,40.51,0.004029,0.009269,0.01101,0.007591,0.0146,0.003042,19.19,33.88,123.8,1150,0.1181,0.1551,0.1459,0.09975,0.2948,0.08452
majority,FN,1,25,5,1e-15,0,0.5,0.499999999999999,0.0268,897.5,0.13086,1668.3,16.65,21.38,110,904.6,0.1121,0.1457,0.1525,0.0917,0.1995,0.0633,0.8068,0.9017,5.455,102.6,0.006048,0.01882,0.02741,0.0113,0.01468,0.002801,26.46,31.56,177,2215,0.1805,0.3578,0.4695,0.2095,0.3613,0.09564
majority,FN,1,33,6,1e-15,0,0.5,0.499999999999999,0.002,26.5,0.10606,797.3,17.02,23.98,112.8,899.3,0.1197,0.1496,0.2417,0.1203,0.2248,0.06382,0.6009,1.398,3.999,67.78,0.008268,0.03082,0.05042,0.01112,0.02102,0.003854,20.88,32.09,136.1,1344,0.1634,0.3559,0.5588,0.1847,0.353,0.08482
majority,FN,1,36,7,1e-15,0,0.5,0.499999999999999,-0.00140000000000001,-88.5,0.10266,682.3,16.74,21.59,110.1,869.5,0.0961,0.1336,0.1348,0.06018,0.1896,0.05656,0.4615,0.9197,3.008,45.19,0.005776,0.02499,0.03695,0.01195,0.02789,0.002665,20.01,29.02,133.5,1229,0.1563,0.3835,0.5409,0.1813,0.4863,0.08633
majority,FN,1,42,8,1e-15,0,0.5,0.499999999999999,-0.0403,-803.5,0.06376,-32.7,10.95,21.35,71.9,371.1,0.1227,0.1218,0.1044,0.05669,0.1895,0.0687,0.2366,1.428,1.822,16.97,0.008064,0.01764,0.02595,0.01037,0.01357,0.00304,12.84,35.34,87.22,514,0.1909,0.2698,0.4023,0.1424,0.2964,0.09606
majority,FN,1,45,9,1e-15,0,0.5,0.499999999999999,-0.022,-576.8,0.08206,194,13.17,21.81,85.42,531.5,0.09714,0.1047,0.08259,0.05252,0.1746,0.06177,0.1938,0.6123,1.334,14.49,0.00335,0.01384,0.01452,0.006853,0.01113,0.00172,16.23,29.89,105.5,740.7,0.1503,0.3904,0.3728,0.1607,0.3693,0.09618
majority,FN,1,48,10,1e-15,0,0.5,0.499999999999999,0.0261,-558.1,0.13016,212.7,13.17,18.66,85.98,534.6,0.1158,0.1231,0.1226,0.0734,0.2128,0.06777,0.2871,0.8937,1.897,24.25,0.006532,0.02336,0.02905,0.01215,0.01743,0.003643,15.67,27.95,102.8,759.4,0.1786,0.4166,0.5006,0.2088,0.39,0.1179
majority,FN,1,83,14,1e-15,0,0.5,0.499999999999999,0.104,1244.5,0.20806,2015.3,25.22,24.91,171.5,1878,0.1063,0.2665,0.3339,0.1845,0.1829,0.06782,0.8973,1.474,7.382,120,0.008166,0.05693,0.0573,0.0203,0.01065,0.005893,30,33.62,211.7,2562,0.1573,0.6076,0.6476,0.2867,0.2355,0.1051
majority,FN,1,86,15,1e-15,0,0.5,0.499999999999999,-0.0185,285.5,0.08556,1056.3,18.46,18.52,121.1,1075,0.09874,0.1053,0.1335,0.08795,0.2132,0.06022,0.6997,1.475,4.782,80.6,0.006471,0.01649,0.02806,0.0142,0.0237,0.003755,22.93,27.68,152.2,1603,0.1398,0.2089,0.3157,0.1642,0.3695,0.08579
majority,FN,1,106,18,1e-15,0,0.5,0.499999999999999,0.0159,-490.3,0.11996,280.5,13.11,15.56,87.21,530.2,0.1398,0.1765,0.2071,0.09601,0.1925,0.07692,0.3908,0.9238,2.41,34.66,0.007162,0.02912,0.05473,0.01388,0.01547,0.007098,16.31,22.4,106.4,827.2,0.1862,0.4099,0.6376,0.1986,0.3147,0.1405
majority,FN,1,118,21,1e-15,0,0.5,0.499999999999999,0.02,-222.5,0.12406,548.3,14.87,16.67,98.64,682.5,0.1162,0.1649,0.169,0.08923,0.2157,0.06768,0.4266,0.9489,2.989,41.18,0.006985,0.02563,0.03011,0.01271,0.01602,0.003884,18.81,27.37,127.1,1095,0.1878,0.448,0.4704,0.2027,0.3585,0.1065
majority,FN,1,123,22,1e-15,0,0.5,0.499999999999999,0.0421,755.5,0.14616,1526.3,24.25,20.2,166.2,1761,0.1447,0.2867,0.4268,0.2012,0.2655,0.06877,1.509,3.12,9.807,233,0.02333,0.09806,0.1278,0.01822,0.04547,0.009875,26.02,23.99,180.9,2073,0.1696,0.4244,0.5803,0.2248,0.3222,0.08009
majority,FN,1,133,24,1e-15,0,0.5,0.499999999999999,-0.0515,-142.5,0.05256,628.3,16.16,21.54,106.2,809.8,0.1008,0.1284,0.1043,0.05613,0.216,0.05891,0.4332,1.265,2.844,43.68,0.004877,0.01952,0.02219,0.009231,0.01535,0.002373,19.47,31.68,129.7,1175,0.1395,0.3055,0.2992,0.1312,0.348,0.07619
majority,FN,1,136,25,1e-15,0,0.5,0.499999999999999,-0.08939,-663.9,0.01467,106.9,12.77,22.47,81.72,506.3,0.09055,0.05761,0.04711,0.02704,0.1585,0.06065,0.2367,1.38,1.457,19.87,0.007499,0.01202,0.02332,0.00892,0.01647,0.002629,14.49,33.37,92.04,653.6,0.1419,0.1523,0.2177,0.09331,0.2829,0.08067
majority,FN,1,157,27,1e-15,0,0.5,0.499999999999999,-0.0312,-15.5,0.07286,755.3,17.68,20.74,117.4,963.7,0.1115,0.1665,0.1855,0.1054,0.1971,0.06166,0.8113,1.4,5.54,93.91,0.009037,0.04954,0.05206,0.01841,0.01778,0.004968,20.47,25.11,132.9,1302,0.1418,0.3498,0.3583,0.1515,0.2463,0.07738
majority,FN,1,173,31,1e-15,0,0.5,0.499999999999999,0,-215.5,0.10406,555.3,15.46,11.89,102.5,736.9,0.1257,0.1555,0.2032,0.1097,0.1966,0.07069,0.4209,0.6583,2.805,44.64,0.005393,0.02321,0.04303,0.0132,0.01792,0.004168,18.79,17.04,125,1102,0.1531,0.3583,0.583,0.1827,0.3216,0.101
majority,FN,1,194,35,1e-15,0,0.5,0.499999999999999,-0.0368,-548.6,0.06726,222.2,12.34,26.86,81.15,477.4,0.1034,0.1353,0.1085,0.04562,0.1943,0.06937,0.4053,1.809,2.642,34.44,0.009098,0.03845,0.03763,0.01321,0.01878,0.005672,15.65,39.34,101.7,768.9,0.1785,0.4706,0.4425,0.1459,0.3215,0.1205
majority,FN,1,195,36,1e-15,0,0.5,0.499999999999999,-0.01,-532.8,0.09406,238,14.86,23.21,100.4,671.4,0.1044,0.198,0.1697,0.08878,0.1737,0.06672,0.2796,0.9622,3.591,25.2,0.008081,0.05122,0.05551,0.01883,0.02545,0.004312,16.08,27.78,118.6,784.7,0.1316,0.4648,0.4589,0.1727,0.3,0.08701
majority,FN,1,197,37,1e-15,0,0.5,0.499999999999999,-0.0154,-510.6,0.08866,260.2,13.77,22.29,90.63,588.9,0.12,0.1267,0.1385,0.06526,0.1834,0.06877,0.6191,2.112,4.906,49.7,0.0138,0.03348,0.04665,0.0206,0.02689,0.004306,16.39,34.01,111.6,806.9,0.1737,0.3122,0.3809,0.1673,0.308,0.09333
majority,FN,1,211,40,1e-15,0,0.5,0.499999999999999,0.0093,338.5,0.11336,1109.3,20.58,22.14,134.7,1290,0.0909,0.1348,0.164,0.09561,0.1765,0.05024,0.8601,1.48,7.029,111.7,0.008124,0.03611,0.05489,0.02765,0.03176,0.002365,23.24,27.84,158.3,1656,0.1178,0.292,0.3861,0.192,0.2909,0.05865
majority,FN,1,214,41,1e-15,0,0.5,0.499999999999999,-0.0728,-296.5,0.03126,474.3,17.42,25.56,114.5,948,0.1006,0.1146,0.1682,0.06597,0.1308,0.05866,0.5296,1.667,3.767,58.53,0.03113,0.08555,0.1438,0.03927,0.02175,0.01256,18.07,28.07,120.4,1021,0.1243,0.1793,0.2803,0.1099,0.1603,0.06818
majority,FN,1,245,45,1e-15,0,0.5,0.499999999999999,-0.0263,99.5,0.07776,870.3,19.4,23.5,129.1,1155,0.1027,0.1558,0.2049,0.08886,0.1978,0.06,0.5243,1.802,4.037,60.41,0.01061,0.03252,0.03915,0.01559,0.02186,0.003949,21.65,30.53,144.9,1417,0.1463,0.2968,0.3458,0.1564,0.292,0.07614
majority,FN,1,256,49,1e-15,0,0.5,0.499999999999999,-0.0453,-491.5,0.05876,279.3,13.96,17.05,91.43,602.4,0.1096,0.1279,0.09789,0.05246,0.1908,0.0613,0.425,0.8098,2.563,35.74,0.006351,0.02679,0.03119,0.01342,0.02062,0.002695,16.39,22.07,108.1,826,0.1512,0.3262,0.3209,0.1374,0.3068,0.07957
majority,FN,1,260,50,1e-15,0,0.5,0.499999999999999,0.0187,-282.5,0.12276,488.3,15.53,33.56,103.7,744.9,0.1063,0.1639,0.1751,0.08399,0.2091,0.0665,0.2419,1.278,1.903,23.02,0.005345,0.02556,0.02889,0.01022,0.009947,0.003359,18.49,49.54,126.3,1035,0.1883,0.5564,0.5703,0.2014,0.3512,0.1204
majority,FN,1,298,57,1e-15,0,0.5,0.499999999999999,-0.1111,-763.9,-0.00704,6.89999999999998,11.76,18.14,75,431.1,0.09968,0.05914,0.02685,0.03515,0.1619,0.06287,0.645,2.105,4.138,49.11,0.005596,0.01005,0.01272,0.01432,0.01575,0.002758,13.36,23.39,85.1,553.6,0.1137,0.07974,0.0612,0.0716,0.1978,0.06915
majority,FN,1,318,65,1e-15,0,0.5,0.499999999999999,-0.00509999999999999,167.5,0.09896,938.3,18.22,18.87,118.7,1027,0.09746,0.1117,0.113,0.0795,0.1807,0.05664,0.4041,0.5503,2.547,48.9,0.004821,0.01659,0.02408,0.01143,0.01275,0.002451,21.84,25,140.9,1485,0.1434,0.2763,0.3853,0.1776,0.2812,0.08198
majority,FN,1,330,67,1e-15,0,0.5,0.499999999999999,-0.078,-342.3,0.02606,428.5,16.26,21.88,107.5,826.8,0.1165,0.1283,0.1799,0.07981,0.1869,0.06532,0.5706,1.457,2.961,57.72,0.01056,0.03756,0.05839,0.01186,0.04022,0.006187,17.73,25.21,113.7,975.2,0.1426,0.2116,0.3344,0.1047,0.2736,0.07953
majority,FN,1,370,71,1e-15,0,0.5,0.499999999999999,0.0605,909.5,0.16456,1680.3,22.01,21.9,147.2,1482,0.1063,0.1954,0.2448,0.1501,0.1824,0.0614,1.008,0.6999,7.561,130.2,0.003978,0.02821,0.03576,0.01471,0.01518,0.003796,27.66,25.8,195,2227,0.1294,0.3885,0.4756,0.2432,0.2741,0.08574
majority,FN,1,380,73,1e-15,0,0.5,0.499999999999999,0.0697,-809.4,0.17376,-38.6,11.08,18.83,73.3,361.6,0.1216,0.2154,0.1689,0.06367,0.2196,0.0795,0.2114,1.027,1.719,13.99,0.007405,0.04549,0.04588,0.01339,0.01738,0.004435,13.24,32.82,91.76,508.1,0.2184,0.9379,0.8402,0.2524,0.4154,0.1403
majority,FN,1,393,77,1e-15,0,0.5,0.499999999999999,0.0294,41.5,0.13346,812.3,15.49,19.97,102.4,744.7,0.116,0.1562,0.1891,0.09113,0.1929,0.06744,0.647,1.331,4.675,66.91,0.007269,0.02928,0.04972,0.01639,0.01852,0.004232,21.2,29.41,142.1,1359,0.1681,0.3913,0.5553,0.2121,0.3187,0.1019
majority,FN,1,434,89,1e-15,0,0.5,0.499999999999999,-0.0119,285.5,0.09216,1056.3,18.82,21.97,123.7,1110,0.1018,0.1389,0.1594,0.08744,0.1943,0.06132,0.8191,1.931,4.493,103.9,0.008074,0.04088,0.05321,0.01834,0.02383,0.004515,22.66,30.93,145.3,1603,0.139,0.3463,0.3912,0.1708,0.3007,0.08314
majority,FN,1,442,91,1e-15,0,0.5,0.499999999999999,-0.0088,-33.5,0.09526,737.3,17.27,25.42,112.4,928.8,0.08331,0.1109,0.1204,0.05736,0.1467,0.05407,0.51,1.679,3.283,58.38,0.008109,0.04308,0.04942,0.01742,0.01594,0.003739,20.38,35.46,132.8,1284,0.1436,0.4122,0.5036,0.1739,0.25,0.07944
majority,FN,1,488,98,1e-15,0,0.5,0.499999999999999,0.0233,422.5,0.12736,1193.3,19.44,18.82,128.1,1167,0.1089,0.1448,0.2256,0.1194,0.1823,0.06115,0.5659,1.408,3.631,67.74,0.005288,0.02833,0.04256,0.01176,0.01717,0.003211,23.96,30.39,153.9,1740,0.1514,0.3725,0.5936,0.206,0.3266,0.09009
majority,FN,1,518,102,1e-15,0,0.5,0.499999999999999,-0.0214,328.5,0.08266,1099.3,19.89,20.26,130.5,1214,0.1037,0.131,0.1411,0.09431,0.1802,0.06188,0.5079,0.8737,3.654,59.7,0.005089,0.02303,0.03052,0.01178,0.01057,0.003391,23.73,25.23,160.5,1646,0.1417,0.3309,0.4185,0.1613,0.2549,0.09136
majority,FN,1,522,104,1e-15,0,0.5,0.499999999999999,0.0648,1324.5,0.16886,2095.3,24.63,21.6,165.5,1841,0.103,0.2106,0.231,0.1471,0.1991,0.06739,0.9915,0.9004,7.05,139.9,0.004989,0.03212,0.03571,0.01597,0.01879,0.00476,29.92,26.93,205.7,2642,0.1342,0.4188,0.4658,0.2475,0.3157,0.09671
majority,FN,1,537,106,1e-15,0,0.5,0.499999999999999,-0.0465,-589.2,0.05756,181.6,14.27,22.55,93.77,629.8,0.1038,0.1154,0.1463,0.06139,0.1926,0.05982,0.2027,1.851,1.895,18.54,0.006113,0.02583,0.04645,0.01276,0.01451,0.003756,15.29,34.27,104.3,728.3,0.138,0.2733,0.4234,0.1362,0.2698,0.08351
majority,FN,1,563,112,1e-15,0,0.5,0.499999999999999,0.0529,-402.5,0.15696,368.3,15.22,30.62,103.4,716.9,0.1048,0.2087,0.255,0.09429,0.2128,0.07152,0.2602,1.205,2.362,22.65,0.004625,0.04844,0.07359,0.01608,0.02137,0.006142,17.52,42.79,128.7,915,0.1417,0.7917,1.17,0.2356,0.4089,0.1409
majority,FN,1,565,113,1e-15,0,0.5,0.499999999999999,0.0389,709.5,0.14296,1480.3,21.56,22.39,142,1479,0.111,0.1159,0.2439,0.1389,0.1726,0.05623,1.176,1.256,7.673,158.7,0.0103,0.02891,0.05198,0.02454,0.01114,0.004239,25.45,26.4,166.1,2027,0.141,0.2113,0.4107,0.2216,0.206,0.07115
majority,FN,1,566,114,1e-15,0,0.5,0.499999999999999,-0.0199,413.5,0.08416,1184.3,20.13,28.25,131.2,1261,0.0978,0.1034,0.144,0.09791,0.1752,0.05533,0.7655,2.463,5.203,99.04,0.005769,0.02423,0.0395,0.01678,0.01898,0.002498,23.69,38.25,155,1731,0.1166,0.1922,0.3215,0.1628,0.2572,0.06637
logreg,FN,1,136,25,0.0442686785931412,-0.607242355992273,0.22,0.175731321406859,-0.08939,-663.9,0.01467,106.9,12.77,22.47,81.72,506.3,0.09055,0.05761,0.04711,0.02704,0.1585,0.06065,0.2367,1.38,1.457,19.87,0.007499,0.01202,0.02332,0.00892,0.01647,0.002629,14.49,33.37,92.04,653.6,0.1419,0.1523,0.2177,0.09331,0.2829,0.08067
logreg,FN,1,298,57,0.00286428599775817,-1.81965184726882,0.22,0.217135714002242,-0.1111,-763.9,-0.00704,6.89999999999998,11.76,18.14,75,431.1,0.09968,0.05914,0.02685,0.03515,0.1619,0.06287,0.645,2.105,4.138,49.11,0.005596,0.01005,0.01272,0.01432,0.01575,0.002758,13.36,23.39,85.1,553.6,0.1137,0.07974,0.0612,0.0716,0.1978,0.06915
logreg,FP,0,82,13,0.509536729614153,0.749059606097197,0.22,0.289536729614153,-0.0119,-702.6,0.09216,68.1999999999999,13.34,15.86,86.49,520,0.1078,0.1535,0.1169,0.06987,0.1942,0.06902,0.286,1.016,1.535,12.96,0.006794,0.03575,0.0398,0.01383,0.02134,0.004603,15.53,23.19,96.66,614.9,0.1536,0.4791,0.4858,0.1708,0.3527,0.1016
logreg,FP,0,158,28,0.475848211870598,0.690263818296604,0.22,0.255848211870598,-0.09834,-285.5,0.00572,485.3,16.84,19.46,108.4,880.2,0.07445,0.07223,0.0515,0.02771,0.1844,0.05268,0.4789,2.06,3.479,46.61,0.003443,0.02661,0.03056,0.0111,0.0152,0.001519,18.22,28.07,120.3,1032,0.08774,0.171,0.1882,0.08436,0.2527,0.05972
logreg,FP,0,209,38,0.40811404642668,0.570310085156012,0.22,0.18811404642668,-0.0701,-678.2,0.03396,92.5999999999999,13.11,22.54,87.02,529.4,0.1002,0.1483,0.08705,0.05102,0.185,0.0731,0.1931,0.9223,1.491,15.09,0.005251,0.03041,0.02526,0.008304,0.02514,0.004198,14.55,29.16,99.48,639.3,0.1349,0.4402,0.3162,0.1126,0.4128,0.1076
logreg,FP,0,422,85,0.345518788223349,0.453869417871284,0.22,0.125518788223349,-0.0719,-508.3,0.03216,262.5,14.69,13.98,98.22,656.1,0.1031,0.1836,0.145,0.063,0.2086,0.07406,0.5462,1.511,4.795,49.45,0.009976,0.05244,0.05278,0.0158,0.02653,0.005444,16.46,18.34,114.1,809.2,0.1312,0.3635,0.3219,0.1108,0.2827,0.09208
svm_rbf,FN,1,136,25,0.0226752738834839,-0.373183224392422,0.18,0.157324726116516,-0.08939,-663.9,0.01467,106.9,12.77,22.47,81.72,506.3,0.09055,0.05761,0.04711,0.02704,0.1585,0.06065,0.2367,1.38,1.457,19.87,0.007499,0.01202,0.02332,0.00892,0.01647,0.002629,14.49,33.37,92.04,653.6,0.1419,0.1523,0.2177,0.09331,0.2829,0.08067
svm_rbf,FN,1,298,57,0.00129971776921787,-0.89708917392534,0.18,0.178700282230782,-0.1111,-763.9,-0.00704,6.89999999999998,11.76,18.14,75,431.1,0.09968,0.05914,0.02685,0.03515,0.1619,0.06287,0.645,2.105,4.138,49.11,0.005596,0.01005,0.01272,0.01432,0.01575,0.002758,13.36,23.39,85.1,553.6,0.1137,0.07974,0.0612,0.0716,0.1978,0.06915
svm_rbf,FP,0,82,13,0.575471911277584,0.36659340349234,0.18,0.395471911277584,-0.0119,-702.6,0.09216,68.1999999999999,13.34,15.86,86.49,520,0.1078,0.1535,0.1169,0.06987,0.1942,0.06902,0.286,1.016,1.535,12.96,0.006794,0.03575,0.0398,0.01383,0.02134,0.004603,15.53,23.19,96.66,614.9,0.1536,0.4791,0.4858,0.1708,0.3527,0.1016
svm_rbf,FP,0,158,28,0.483937402219377,0.299579452867138,0.18,0.303937402219377,-0.09834,-285.5,0.00572,485.3,16.84,19.46,108.4,880.2,0.07445,0.07223,0.0515,0.02771,0.1844,0.05268,0.4789,2.06,3.479,46.61,0.003443,0.02661,0.03056,0.0111,0.0152,0.001519,18.22,28.07,120.3,1032,0.08774,0.171,0.1882,0.08436,0.2527,0.05972
svm_rbf,FP,0,209,38,0.493394257267069,0.306462624871173,0.18,0.313394257267069,-0.0701,-678.2,0.03396,92.5999999999999,13.11,22.54,87.02,529.4,0.1002,0.1483,0.08705,0.05102,0.185,0.0731,0.1931,0.9223,1.491,15.09,0.005251,0.03041,0.02526,0.008304,0.02514,0.004198,14.55,29.16,99.48,639.3,0.1349,0.4402,0.3162,0.1126,0.4128,0.1076
svm_rbf,FP,0,422,85,0.341868813055407,0.192151790982933,0.18,0.161868813055407,-0.0719,-508.3,0.03216,262.5,14.69,13.98,98.22,656.1,0.1031,0.1836,0.145,0.063,0.2086,0.07406,0.5462,1.511,4.795,49.45,0.009976,0.05244,0.05278,0.0158,0.02653,0.005444,16.46,18.34,114.1,809.2,0.1312,0.3635,0.3219,0.1108,0.2827,0.09208
mlp,FN,1,136,25,0.0814735001732264,-1.48371733573034,0.34,0.258526499826774,-0.08939,-663.9,0.01467,106.9,12.77,22.47,81.72,506.3,0.09055,0.05761,0.04711,0.02704,0.1585,0.06065,0.2367,1.38,1.457,19.87,0.007499,0.01202,0.02332,0.00892,0.01647,0.002629,14.49,33.37,92.04,653.6,0.1419,0.1523,0.2177,0.09331,0.2829,0.08067
mlp,FN,1,214,41,0.0816745065508324,-1.48107910920674,0.34,0.258325493449168,-0.0728,-296.5,0.03126,474.3,17.42,25.56,114.5,948,0.1006,0.1146,0.1682,0.06597,0.1308,0.05866,0.5296,1.667,3.767,58.53,0.03113,0.08555,0.1438,0.03927,0.02175,0.01256,18.07,28.07,120.4,1021,0.1243,0.1793,0.2803,0.1099,0.1603,0.06818
mlp,FN,1,298,57,0.0132779907384939,-3.33806327633533,0.34,0.326722009261506,-0.1111,-763.9,-0.00704,6.89999999999998,11.76,18.14,75,431.1,0.09968,0.05914,0.02685,0.03515,0.1619,0.06287,0.645,2.105,4.138,49.11,0.005596,0.01005,0.01272,0.01432,0.01575,0.002758,13.36,23.39,85.1,553.6,0.1137,0.07974,0.0612,0.0716,0.1978,0.06915
mlp,FP,0,82,13,0.409811000113645,0.539720165653976,0.34,0.0698110001136448,-0.0119,-702.6,0.09216,68.1999999999999,13.34,15.86,86.49,520,0.1078,0.1535,0.1169,0.06987,0.1942,0.06902,0.286,1.016,1.535,12.96,0.006794,0.03575,0.0398,0.01383,0.02134,0.004603,15.53,23.19,96.66,614.9,0.1536,0.4791,0.4858,0.1708,0.3527,0.1016
mlp,FP,0,158,28,0.523389072174874,0.990449129078109,0.34,0.183389072174874,-0.09834,-285.5,0.00572,485.3,16.84,19.46,108.4,880.2,0.07445,0.07223,0.0515,0.02771,0.1844,0.05268,0.4789,2.06,3.479,46.61,0.003443,0.02661,0.03056,0.0111,0.0152,0.001519,18.22,28.07,120.3,1032,0.08774,0.171,0.1882,0.08436,0.2527,0.05972
rbfnet,FN,1,136,25,0.0154417519805577,-0.648623583972646,0.22,0.204558248019442,-0.08939,-663.9,0.01467,106.9,12.77,22.47,81.72,506.3,0.09055,0.05761,0.04711,0.02704,0.1585,0.06065,0.2367,1.38,1.457,19.87,0.007499,0.01202,0.02332,0.00892,0.01647,0.002629,14.49,33.37,92.04,653.6,0.1419,0.1523,0.2177,0.09331,0.2829,0.08067
rbfnet,FN,1,214,41,0.12633950305346,-0.358506734053545,0.22,0.0936604969465401,-0.0728,-296.5,0.03126,474.3,17.42,25.56,114.5,948,0.1006,0.1146,0.1682,0.06597,0.1308,0.05866,0.5296,1.667,3.767,58.53,0.03113,0.08555,0.1438,0.03927,0.02175,0.01256,18.07,28.07,120.4,1021,0.1243,0.1793,0.2803,0.1099,0.1603,0.06818
rbfnet,FN,1,298,57,0.00128801495056484,-0.974896944883904,0.22,0.218711985049435,-0.1111,-763.9,-0.00704,6.89999999999998,11.76,18.14,75,431.1,0.09968,0.05914,0.02685,0.03515,0.1619,0.06287,0.645,2.105,4.138,49.11,0.005596,0.01005,0.01272,0.01432,0.01575,0.002758,13.36,23.39,85.1,553.6,0.1137,0.07974,0.0612,0.0716,0.1978,0.06915
rbfnet,FP,0,82,13,0.786675922854275,0.0644736167537105,0.22,0.566675922854275,-0.0119,-702.6,0.09216,68.1999999999999,13.34,15.86,86.49,520,0.1078,0.1535,0.1169,0.06987,0.1942,0.06902,0.286,1.016,1.535,12.96,0.006794,0.03575,0.0398,0.01383,0.02134,0.004603,15.53,23.19,96.66,614.9,0.1536,0.4791,0.4858,0.1708,0.3527,0.1016
rbfnet,FP,0,158,28,0.376461829013976,-0.171861526700733,0.22,0.156461829013976,-0.09834,-285.5,0.00572,485.3,16.84,19.46,108.4,880.2,0.07445,0.07223,0.0515,0.02771,0.1844,0.05268,0.4789,2.06,3.479,46.61,0.003443,0.02661,0.03056,0.0111,0.0152,0.001519,18.22,28.07,120.3,1032,0.08774,0.171,0.1882,0.08436,0.2527,0.05972
rbfnet,FP,0,209,38,0.654630183209934,-0.0224477496648134,0.22,0.434630183209934,-0.0701,-678.2,0.03396,92.5999999999999,13.11,22.54,87.02,529.4,0.1002,0.1483,0.08705,0.05102,0.185,0.0731,0.1931,0.9223,1.491,15.09,0.005251,0.03041,0.02526,0.008304,0.02514,0.004198,14.55,29.16,99.48,639.3,0.1349,0.4402,0.3162,0.1126,0.4128,0.1076
rbfnet,FP,0,248,48,0.527287054310349,-0.0916921108590026,0.22,0.307287054310349,-0.0266,-678.4,0.07746,92.4,12.89,14.11,84.95,512.2,0.0876,0.1346,0.1374,0.0398,0.1596,0.06409,0.2025,0.4402,2.393,16.35,0.005501,0.05592,0.08158,0.0137,0.01266,0.007555,14.39,17.7,105,639.1,0.1254,0.5849,0.7727,0.1561,0.2639,0.1178
rbfnet,FP,0,422,85,0.384068506108671,-0.167645921150059,0.22,0.164068506108671,-0.0719,-508.3,0.03216,262.5,14.69,13.98,98.22,656.1,0.1031,0.1836,0.145,0.063,0.2086,0.07406,0.5462,1.511,4.795,49.45,0.009976,0.05244,0.05278,0.0158,0.02653,0.005444,16.46,18.34,114.1,809.2,0.1312,0.3635,0.3219,0.1108,0.2827,0.09208
rbfnet,FP,0,497,100,0.301939809168677,-0.215414900751238,0.22,0.081939809168677,-0.042,-683.8,0.06206,87,12.65,18.17,82.69,485.6,0.1076,0.1334,0.08017,0.05074,0.1641,0.06854,0.2324,0.6332,1.696,18.4,0.005704,0.02502,0.02636,0.01032,0.01759,0.003563,14.38,22.15,95.29,633.7,0.1533,0.3842,0.3582,0.1407,0.323,0.1033
svm_poly,FN,1,136,25,0.100319729672078,-0.573550535470988,0.15,0.0496802703279216,-0.08939,-663.9,0.01467,106.9,12.77,22.47,81.72,506.3,0.09055,0.05761,0.04711,0.02704,0.1585,0.06065,0.2367,1.38,1.457,19.87,0.007499,0.01202,0.02332,0.00892,0.01647,0.002629,14.49,33.37,92.04,653.6,0.1419,0.1523,0.2177,0.09331,0.2829,0.08067
svm_poly,FN,1,298,57,0.00198710680914347,-2.19249905338807,0.15,0.148012893190857,-0.1111,-763.9,-0.00704,6.89999999999998,11.76,18.14,75,431.1,0.09968,0.05914,0.02685,0.03515,0.1619,0.06287,0.645,2.105,4.138,49.11,0.005596,0.01005,0.01272,0.01432,0.01575,0.002758,13.36,23.39,85.1,553.6,0.1137,0.07974,0.0612,0.0716,0.1978,0.06915
svm_poly,FP,0,82,13,0.71080514766343,0.670389224645653,0.15,0.56080514766343,-0.0119,-702.6,0.09216,68.1999999999999,13.34,15.86,86.49,520,0.1078,0.1535,0.1169,0.06987,0.1942,0.06902,0.286,1.016,1.535,12.96,0.006794,0.03575,0.0398,0.01383,0.02134,0.004603,15.53,23.19,96.66,614.9,0.1536,0.4791,0.4858,0.1708,0.3527,0.1016
svm_poly,FP,0,158,28,0.718574533690882,0.685714039561945,0.15,0.568574533690882,-0.09834,-285.5,0.00572,485.3,16.84,19.46,108.4,880.2,0.07445,0.07223,0.0515,0.02771,0.1844,0.05268,0.4789,2.06,3.479,46.61,0.003443,0.02661,0.03056,0.0111,0.0152,0.001519,18.22,28.07,120.3,1032,0.08774,0.171,0.1882,0.08436,0.2527,0.05972
svm_poly,FP,0,209,38,0.473906164277186,0.266691515649228,0.15,0.323906164277186,-0.0701,-678.2,0.03396,92.5999999999999,13.11,22.54,87.02,529.4,0.1002,0.1483,0.08705,0.05102,0.185,0.0731,0.1931,0.9223,1.491,15.09,0.005251,0.03041,0.02526,0.008304,0.02514,0.004198,14.55,29.16,99.48,639.3,0.1349,0.4402,0.3162,0.1126,0.4128,0.1076
svm_poly,FP,0,422,85,0.225625548075917,-0.187255105565132,0.15,0.0756255480759166,-0.0719,-508.3,0.03216,262.5,14.69,13.98,98.22,656.1,0.1031,0.1836,0.145,0.063,0.2086,0.07406,0.5462,1.511,4.795,49.45,0.009976,0.05244,0.05278,0.0158,0.02653,0.005444,16.46,18.34,114.1,809.2,0.1312,0.3635,0.3219,0.1108,0.2827,0.09208
svm_poly,FP,0,449,93,0.363430777283173,0.0832826742986566,0.15,0.213430777283173,-0.08676,-487,0.0173,283.8,14.53,19.34,94.25,659.7,0.08388,0.078,0.08817,0.02925,0.1473,0.05746,0.2535,1.354,1.994,23.04,0.004147,0.02048,0.03379,0.008848,0.01394,0.002327,16.3,28.39,108.1,830.5,0.1089,0.2649,0.3779,0.09594,0.2471,0.07463
svm_poly,FP,0,496,99,0.150557849434782,-0.387161303061142,0.15,0.000557849434782404,-0.081,-533.9,0.02306,236.9,14.87,20.21,96.12,680.9,0.09587,0.08345,0.06824,0.04951,0.1487,0.05748,0.2323,1.636,1.596,21.84,0.005415,0.01371,0.02153,0.01183,0.01959,0.001812,16.01,28.48,103.9,783.6,0.1216,0.1388,0.17,0.1017,0.2369,0.06599
svm_poly,FP,0,497,100,0.276058377035377,-0.0790357315874247,0.15,0.126058377035377,-0.042,-683.8,0.06206,87,12.65,18.17,82.69,485.6,0.1076,0.1334,0.08017,0.05074,0.1641,0.06854,0.2324,0.6332,1.696,18.4,0.005704,0.02502,0.02636,0.01032,0.01759,0.003563,14.38,22.15,95.29,633.7,0.1533,0.3842,0.3582,0.1407,0.323,0.1033
ensemble_noselect,FN,1,42,8,0.317069782511563,0.317069782511563,0.38,0.0629302174884367,-0.0403,-803.5,0.06376,-32.7,10.95,21.35,71.9,371.1,0.1227,0.1218,0.1044,0.05669,0.1895,0.0687,0.2366,1.428,1.822,16.97,0.008064,0.01764,0.02595,0.01037,0.01357,0.00304,12.84,35.34,87.22,514,0.1909,0.2698,0.4023,0.1424,0.2964,0.09606
ensemble_noselect,FN,1,136,25,0.0805619422615176,0.0805619422615176,0.38,0.299438057738482,-0.08939,-663.9,0.01467,106.9,12.77,22.47,81.72,506.3,0.09055,0.05761,0.04711,0.02704,0.1585,0.06065,0.2367,1.38,1.457,19.87,0.007499,0.01202,0.02332,0.00892,0.01647,0.002629,14.49,33.37,92.04,653.6,0.1419,0.1523,0.2177,0.09331,0.2829,0.08067
ensemble_noselect,FN,1,298,57,0.00473985301250319,0.00473985301250319,0.38,0.375260146987497,-0.1111,-763.9,-0.00704,6.89999999999998,11.76,18.14,75,431.1,0.09968,0.05914,0.02685,0.03515,0.1619,0.06287,0.645,2.105,4.138,49.11,0.005596,0.01005,0.01272,0.01432,0.01575,0.002758,13.36,23.39,85.1,553.6,0.1137,0.07974,0.0612,0.0716,0.1978,0.06915
ensemble_noselect,FP,0,82,13,0.588009665416456,0.588009665416456,0.38,0.208009665416456,-0.0119,-702.6,0.09216,68.1999999999999,13.34,15.86,86.49,520,0.1078,0.1535,0.1169,0.06987,0.1942,0.06902,0.286,1.016,1.535,12.96,0.006794,0.03575,0.0398,0.01383,0.02134,0.004603,15.53,23.19,96.66,614.9,0.1536,0.4791,0.4858,0.1708,0.3527,0.1016
ensemble_noselect,FP,0,158,28,0.607776008403913,0.607776008403913,0.38,0.227776008403913,-0.09834,-285.5,0.00572,485.3,16.84,19.46,108.4,880.2,0.07445,0.07223,0.0515,0.02771,0.1844,0.05268,0.4789,2.06,3.479,46.61,0.003443,0.02661,0.03056,0.0111,0.0152,0.001519,18.22,28.07,120.3,1032,0.08774,0.171,0.1882,0.08436,0.2527,0.05972
ensemble_noselect,FP,0,209,38,0.425435065553265,0.425435065553265,0.38,0.0454350655532648,-0.0701,-678.2,0.03396,92.5999999999999,13.11,22.54,87.02,529.4,0.1002,0.1483,0.08705,0.05102,0.185,0.0731,0.1931,0.9223,1.491,15.09,0.005251,0.03041,0.02526,0.008304,0.02514,0.004198,14.55,29.16,99.48,639.3,0.1349,0.4402,0.3162,0.1126,0.4128,0.1076
svm_linear,FN,1,136,25,0.0653887645031663,-0.32871035479424,0.28,0.214611235496834,-0.08939,-663.9,0.01467,106.9,12.77,22.47,81.72,506.3,0.09055,0.05761,0.04711,0.02704,0.1585,0.06065,0.2367,1.38,1.457,19.87,0.007499,0.01202,0.02332,0.00892,0.01647,0.002629,14.49,33.37,92.04,653.6,0.1419,0.1523,0.2177,0.09331,0.2829,0.08067
svm_linear,FN,1,298,57,0.0021155360302267,-1.24493713990577,0.28,0.277884463969773,-0.1111,-763.9,-0.00704,6.89999999999998,11.76,18.14,75,431.1,0.09968,0.05914,0.02685,0.03515,0.1619,0.06287,0.645,2.105,4.138,49.11,0.005596,0.01005,0.01272,0.01432,0.01575,0.002758,13.36,23.39,85.1,553.6,0.1137,0.07974,0.0612,0.0716,0.1978,0.06915
svm_linear,FP,0,82,13,0.439379027091217,0.304397682283542,0.28,0.159379027091217,-0.0119,-702.6,0.09216,68.1999999999999,13.34,15.86,86.49,520,0.1078,0.1535,0.1169,0.06987,0.1942,0.06902,0.286,1.016,1.535,12.96,0.006794,0.03575,0.0398,0.01383,0.02134,0.004603,15.53,23.19,96.66,614.9,0.1536,0.4791,0.4858,0.1708,0.3527,0.1016
svm_linear,FP,0,158,28,0.580117709008157,0.452956991719967,0.28,0.300117709008157,-0.09834,-285.5,0.00572,485.3,16.84,19.46,108.4,880.2,0.07445,0.07223,0.0515,0.02771,0.1844,0.05268,0.4789,2.06,3.479,46.61,0.003443,0.02661,0.03056,0.0111,0.0152,0.001519,18.22,28.07,120.3,1032,0.08774,0.171,0.1882,0.08436,0.2527,0.05972
svm_linear,FP,0,209,38,0.473340314098143,0.340281784061192,0.28,0.193340314098143,-0.0701,-678.2,0.03396,92.5999999999999,13.11,22.54,87.02,529.4,0.1002,0.1483,0.08705,0.05102,0.185,0.0731,0.1931,0.9223,1.491,15.09,0.005251,0.03041,0.02526,0.008304,0.02514,0.004198,14.55,29.16,99.48,639.3,0.1349,0.4402,0.3162,0.1126,0.4128,0.1076
svm_mean,FN,1,42,8,0.0920124725865024,-0.510566691803961,0.21,0.117987527413498,-0.0403,-803.5,0.06376,-32.7,10.95,21.35,71.9,371.1,0.1227,0.1218,0.1044,0.05669,0.1895,0.0687,0.2366,1.428,1.822,16.97,0.008064,0.01764,0.02595,0.01037,0.01357,0.00304,12.84,35.34,87.22,514,0.1909,0.2698,0.4023,0.1424,0.2964,0.09606
svm_mean,FN,1,136,25,0.0755868892548671,-0.604456143958372,0.21,0.134413110745133,-0.08939,-663.9,0.01467,106.9,12.77,22.47,81.72,506.3,0.09055,0.05761,0.04711,0.02704,0.1585,0.06065,0.2367,1.38,1.457,19.87,0.007499,0.01202,0.02332,0.00892,0.01647,0.002629,14.49,33.37,92.04,653.6,0.1419,0.1523,0.2177,0.09331,0.2829,0.08067
svm_mean,FN,1,298,57,0.00367489060563959,-1.96034558370576,0.21,0.20632510939436,-0.1111,-763.9,-0.00704,6.89999999999998,11.76,18.14,75,431.1,0.09968,0.05914,0.02685,0.03515,0.1619,0.06287,0.645,2.105,4.138,49.11,0.005596,0.01005,0.01272,0.01432,0.01575,0.002758,13.36,23.39,85.1,553.6,0.1137,0.07974,0.0612,0.0716,0.1978,0.06915
svm_mean,FP,0,82,13,0.463146731290249,0.426546249813859,0.21,0.253146731290249,-0.0119,-702.6,0.09216,68.1999999999999,13.34,15.86,86.49,520,0.1078,0.1535,0.1169,0.06987,0.1942,0.06902,0.286,1.016,1.535,12.96,0.006794,0.03575,0.0398,0.01383,0.02134,0.004603,15.53,23.19,96.66,614.9,0.1536,0.4791,0.4858,0.1708,0.3527,0.1016
svm_mean,FP,0,158,28,0.813286453472415,1.13505602019145,0.21,0.603286453472415,-0.09834,-285.5,0.00572,485.3,16.84,19.46,108.4,880.2,0.07445,0.07223,0.0515,0.02771,0.1844,0.05268,0.4789,2.06,3.479,46.61,0.003443,0.02661,0.03056,0.0111,0.0152,0.001519,18.22,28.07,120.3,1032,0.08774,0.171,0.1882,0.08436,0.2527,0.05972
svm_mean,FP,0,166,29,0.281973197800834,0.082171872894842,0.21,0.0719731978008338,-0.12516,-535.4,-0.0211,235.4,14.97,19.76,95.5,690.2,0.08421,0.05352,0.01947,0.01939,0.1515,0.05266,0.184,1.065,1.286,16.64,0.003634,0.007983,0.008268,0.006432,0.01924,0.00152,15.98,25.82,102.3,782.1,0.1045,0.09995,0.0775,0.05754,0.2646,0.06085
svm_mean,FP,0,209,38,0.392408727390487,0.299861812247485,0.21,0.182408727390487,-0.0701,-678.2,0.03396,92.5999999999999,13.11,22.54,87.02,529.4,0.1002,0.1483,0.08705,0.05102,0.185,0.0731,0.1931,0.9223,1.491,15.09,0.005251,0.03041,0.02526,0.008304,0.02514,0.004198,14.55,29.16,99.48,639.3,0.1349,0.4402,0.3162,0.1126,0.4128,0.1076
svm_mean,FP,0,244,44,0.297731749012231,0.115677692244445,0.21,0.0877317490122311,-0.12164,-611.5,-0.01758,159.3,13.75,23.77,88.54,590,0.08043,0.06807,0.04697,0.02344,0.1773,0.05429,0.4347,1.057,2.829,39.93,0.004351,0.02667,0.03371,0.01007,0.02598,0.003087,15.01,26.34,98,706,0.09368,0.1442,0.1359,0.06106,0.2663,0.06321
svm_mean,FP,0,357,69,0.454098365031181,0.41059938717325,0.21,0.244098365031181,-0.0569,-726.3,0.04716,44.5,13.05,18.59,85.09,512,0.1082,0.1304,0.09603,0.05603,0.2035,0.06501,0.3106,1.51,2.59,21.57,0.007807,0.03932,0.05112,0.01876,0.0286,0.005715,14.19,24.85,94.22,591.2,0.1343,0.2658,0.2573,0.1258,0.3113,0.08317
svm_mean,FP,0,422,85,0.729453684828946,0.925172881043092,0.21,0.519453684828946,-0.0719,-508.3,0.03216,262.5,14.69,13.98,98.22,656.1,0.1031,0.1836,0.145,0.063,0.2086,0.07406,0.5462,1.511,4.795,49.45,0.009976,0.05244,0.05278,0.0158,0.02653,0.005444,16.46,18.34,114.1,809.2,0.1312,0.3635,0.3219,0.1108,0.2827,0.09208
svm_mean,FP,0,424,86,0.450538701686454,0.404311759703825,0.21,0.240538701686454,-0.042,-608.7,0.06206,162.1,13.66,19.13,89.46,575.3,0.09057,0.1147,0.09657,0.04812,0.1848,0.06181,0.2244,0.895,1.804,19.36,0.00398,0.02809,0.03669,0.01274,0.01581,0.003956,15.14,25.5,101.4,708.8,0.1147,0.3167,0.366,0.1407,0.2744,0.08839
svm_mean,FP,0,449,93,0.528095475514682,0.540394003914258,0.21,0.318095475514682,-0.08676,-487,0.0173,283.8,14.53,19.34,94.25,659.7,0.08388,0.078,0.08817,0.02925,0.1473,0.05746,0.2535,1.354,1.994,23.04,0.004147,0.02048,0.03379,0.008848,0.01394,0.002327,16.3,28.39,108.1,830.5,0.1089,0.2649,0.3779,0.09594,0.2471,0.07463
svm_mean,FP,0,463,94,0.253751542851891,0.0191581203721736,0.21,0.0437515428518915,-0.12707,-582.9,-0.02301,187.9,14.4,26.99,92.25,646.1,0.06995,0.05223,0.03476,0.01737,0.1707,0.05433,0.2315,0.9112,1.727,20.52,0.005356,0.01679,0.01971,0.00637,0.01414,0.001892,15.4,31.98,100.4,734.6,0.1017,0.146,0.1472,0.05563,0.2345,0.06464
svm_mean,FP,0,496,99,0.814544737814091,1.13869131129011,0.21,0.604544737814091,-0.081,-533.9,0.02306,236.9,14.87,20.21,96.12,680.9,0.09587,0.08345,0.06824,0.04951,0.1487,0.05748,0.2323,1.636,1.596,21.84,0.005415,0.01371,0.02153,0.01183,0.01959,0.001812,16.01,28.48,103.9,783.6,0.1216,0.1388,0.17,0.1017,0.2369,0.06599
svm_worst,FN,1,136,25,0.0502506917749926,-0.323726399629742,0.3,0.249749308225007,-0.08939,-663.9,0.01467,106.9,12.77,22.47,81.72,506.3,0.09055,0.05761,0.04711,0.02704,0.1585,0.06065,0.2367,1.38,1.457,19.87,0.007499,0.01202,0.02332,0.00892,0.01647,0.002629,14.49,33.37,92.04,653.6,0.1419,0.1523,0.2177,0.09331,0.2829,0.08067
svm_worst,FN,1,298,57,0.000555325678437058,-1.35861511405821,0.3,0.299444674321563,-0.1111,-763.9,-0.00704,6.89999999999998,11.76,18.14,75,431.1,0.09968,0.05914,0.02685,0.03515,0.1619,0.06287,0.645,2.105,4.138,49.11,0.005596,0.01005,0.01272,0.01432,0.01575,0.002758,13.36,23.39,85.1,553.6,0.1137,0.07974,0.0612,0.0716,0.1978,0.06915
svm_worst,FP,0,82,13,0.776345445955183,0.626540534586136,0.3,0.476345445955183,-0.0119,-702.6,0.09216,68.1999999999999,13.34,15.86,86.49,520,0.1078,0.1535,0.1169,0.06987,0.1942,0.06902,0.286,1.016,1.535,12.96,0.006794,0.03575,0.0398,0.01383,0.02134,0.004603,15.53,23.19,96.66,614.9,0.1536,0.4791,0.4858,0.1708,0.3527,0.1016
svm_worst,FP,0,158,28,0.539772011943516,0.380080725514184,0.3,0.239772011943516,-0.09834,-285.5,0.00572,485.3,16.84,19.46,108.4,880.2,0.07445,0.07223,0.0515,0.02771,0.1844,0.05268,0.4789,2.06,3.479,46.61,0.003443,0.02661,0.03056,0.0111,0.0152,0.001519,18.22,28.07,120.3,1032,0.08774,0.171,0.1882,0.08436,0.2527,0.05972
svm_worst,FP,0,209,38,0.571575125522114,0.409348646293352,0.3,0.271575125522114,-0.0701,-678.2,0.03396,92.5999999999999,13.11,22.54,87.02,529.4,0.1002,0.1483,0.08705,0.05102,0.185,0.0731,0.1931,0.9223,1.491,15.09,0.005251,0.03041,0.02526,0.008304,0.02514,0.004198,14.55,29.16,99.48,639.3,0.1349,0.4402,0.3162,0.1126,0.4128,0.1076
svm_worst,FP,0,248,48,0.391252220596716,0.24346302301665,0.3,0.0912522205967158,-0.0266,-678.4,0.07746,92.4,12.89,14.11,84.95,512.2,0.0876,0.1346,0.1374,0.0398,0.1596,0.06409,0.2025,0.4402,2.393,16.35,0.005501,0.05592,0.08158,0.0137,0.01266,0.007555,14.39,17.7,105,639.1,0.1254,0.5849,0.7727,0.1561,0.2639,0.1178
