Modelis,model_id,Trikdis,Lygis,Pakartojimai,Sensitivity,Specificity,ROC_AUC,Brier,FN,FP
B0,majority,none,0,1,0,1,0.5,0.368421052631578,42,0
B0,majority,gaussian,0.1,5,0,1,0.5,0.368421052631578,42,0
B0,majority,gaussian,0.25,5,0,1,0.5,0.368421052631578,42,0
B0,majority,missing,0.05,5,0,1,0.5,0.368421052631578,42,0
B0,majority,missing,0.1,5,0,1,0.5,0.368421052631578,42,0
B1,logreg,none,0,1,0.952380952380952,0.944444444444444,0.982804232804233,0.0352189203894008,2,4
B1,logreg,gaussian,0.1,5,0.952380952380952,0.944444444444444,0.983399470899471,0.0364258837479013,2,4
B1,logreg,gaussian,0.25,5,0.942857142857143,0.930555555555556,0.984656084656085,0.0363822396363499,2.4,5
B1,logreg,missing,0.05,5,0.942857142857143,0.944444444444444,0.98260582010582,0.0370215589668054,2.4,4
B1,logreg,missing,0.1,5,0.947619047619048,0.95,0.981944444444445,0.0379296510895386,2.2,3.6
M1,svm_rbf,none,0,1,0.952380952380952,0.944444444444444,0.981481481481482,0.0376964973602636,2,4
M1,svm_rbf,gaussian,0.1,5,0.952380952380952,0.936111111111111,0.980753968253968,0.0390393405352063,2,4.6
M1,svm_rbf,gaussian,0.25,5,0.942857142857143,0.925,0.982671957671958,0.0390791618882904,2.4,5.4
M1,svm_rbf,missing,0.05,5,0.952380952380952,0.944444444444444,0.980753968253968,0.0384608759591882,2,4
M1,svm_rbf,missing,0.1,5,0.947619047619048,0.947222222222222,0.980224867724868,0.0394186325103468,2.2,3.8
M2,mlp,none,0,1,0.928571428571429,0.972222222222222,0.985780423280423,0.0344497210433528,3,2
M2,mlp,gaussian,0.1,5,0.928571428571429,0.966666666666667,0.985780423280423,0.0367342664881094,3,2.4
M2,mlp,gaussian,0.25,5,0.919047619047619,0.958333333333333,0.986772486772487,0.0367118539214558,3.4,3
M2,mlp,missing,0.05,5,0.923809523809524,0.977777777777778,0.98505291005291,0.0357317280131406,3.2,1.6
M2,mlp,missing,0.1,5,0.90952380952381,0.977777777777778,0.983399470899471,0.0402105742375847,3.8,1.6
M3,rbfnet,none,0,1,0.928571428571429,0.916666666666667,0.975529100529101,0.0449765925448006,3,6
M3,rbfnet,gaussian,0.1,5,0.928571428571429,0.908333333333333,0.975396825396825,0.0467566842444755,3,6.6
M3,rbfnet,gaussian,0.25,5,0.923809523809524,0.905555555555556,0.977380952380952,0.0480771908688656,3.2,6.8
M3,rbfnet,missing,0.05,5,0.933333333333333,0.925,0.974470899470899,0.0444939977338499,2.8,5.4
M3,rbfnet,missing,0.1,5,0.938095238095238,0.916666666666667,0.975396825396825,0.0442095851888024,2.6,6
M4,ensemble,none,0,1,0.928571428571429,0.944444444444444,0.97718253968254,0.0470264483386273,3,4
M4,ensemble,gaussian,0.1,5,0.923809523809524,0.944444444444444,0.977645502645503,0.0482075584047173,3.2,4
M4,ensemble,gaussian,0.25,5,0.904761904761905,0.95,0.978902116402116,0.0501720618909256,4,3.6
M4,ensemble,missing,0.05,5,0.919047619047619,0.955555555555555,0.976256613756614,0.0471455480227097,3.4,3.2
M4,ensemble,missing,0.1,5,0.9,0.955555555555555,0.973611111111111,0.0543911875811574,4.2,3.2
